date,time,clouds,wind_speed,rain,snow,weather_condition,optimal_tilt,optimal_azimuth
2024-04-01,06:00,23,10.2,0.0,0.9,Partly Cloudy,0,17.09038420961076
2024-04-01,07:00,21,16.5,1.9,1.2,Partly Cloudy,0,0.0
2024-04-01,08:00,97,12.3,15.8,0.0,Heavy Rain,0,0.0
2024-04-01,09:00,14,17.6,1.3,0.0,Clear and Warm,0,0.0
2024-04-01,10:00,90,11.1,0.1,1.9,Light Rain,0,74.65596634390454
2024-04-01,11:00,75,16.0,2.8,1.3,Light Rain,0,0.0
2024-04-01,12:00,88,10.0,0.8,0.0,Light Rain,15.378891993693323,96.17867855626912
2024-04-01,13:00,71,23.5,1.6,0.0,Light Rain,0,0.0
2024-04-01,14:00,97,5.0,19.9,1.2,Thunderstorm,0,0.0
2024-04-01,15:00,100,15.8,19.4,0.0,Thunderstorm,0,0.0
2024-04-01,16:00,100,14.4,2.0,13.3,Heavy Snow,56.363199463124126,155.3238343798589
2024-04-01,17:00,100,2.5,1.9,16.6,Heavy Snow,59.36670041141829,177.52906982650484
2024-04-01,18:00,5,4.1,1.1,0.9,Clear and Warm,47.862252499366285,200.11737238082858
2024-04-01,19:00,53,20.0,0.3,0.4,Cloudy,0,0.0
2024-04-01,20:00,92,24.2,8.8,2.8,Freezing Rain,0,0.0
2024-04-01,21:00,86,22.0,9.4,2.1,Freezing Rain,0,0.0
2024-04-01,22:00,90,6.1,9.0,2.6,Freezing Rain,0,0.0
2024-04-01,23:00,88,21.2,0.0,14.0,Heavy Snow,0,0.0
2024-04-02,00:00,10,19.8,1.2,1.1,Clear and Warm,0,0.0
2024-04-02,01:00,98,24.7,1.3,16.6,Heavy Snow,0,0.0
2024-04-02,02:00,80,13.3,1.8,0.0,Light Rain,0,307.2198465810251
2024-04-02,03:00,7,22.5,0.4,0.7,Clear and Warm,0,0.0
2024-04-02,04:00,80,3.4,1.0,0.0,Light Rain,0,339.05170179169477
2024-04-02,05:00,98,20.0,0.3,5.5,Snow Showers,0,0.0
2024-04-02,06:00,86,19.3,0.0,5.7,Snow Showers,0,0.0
2024-04-02,07:00,9,6.9,1.3,0.0,Sunny,0,34.62337641113584
2024-04-02,08:00,0,24.9,0.6,0.0,Sunny,0,0.0
2024-04-02,09:00,18,16.3,0.9,1.4,Sunny,0,0.0
2024-04-02,10:00,0,4.7,1.4,1.7,Clear and Warm,0,74.44682479297387
2024-04-02,11:00,96,9.3,19.4,0.0,Thunderstorm,0,0.0
2024-04-02,12:00,92,4.7,18.6,0.3,Thunderstorm,0,0.0
2024-04-02,13:00,17,16.1,0.4,0.0,Sunny,0,0.0
2024-04-02,14:00,0,11.8,0.0,1.7,Clear and Warm,33.08727249854881,120.36558640090249
2024-04-02,15:00,0,17.9,0.0,1.5,Clear and Warm,0,0.0
2024-04-02,16:00,98,6.5,0.9,15.6,Heavy Snow,56.829395820086276,155.26036483982386
2024-04-02,17:00,95,2.1,1.1,13.5,Heavy Snow,59.829806343311,177.62438396392895
2024-04-02,18:00,100,4.6,0.0,16.5,Heavy Snow,57.860028759639505,200.36341873448475
2024-04-02,19:00,86,11.2,14.6,0.2,Heavy Rain,0,0.0
2024-04-02,20:00,86,21.4,14.1,1.4,Heavy Rain,0,0.0
2024-04-02,21:00,100,11.4,0.0,6.8,Snow Showers,30.71249960449503,250.22314763624303
2024-04-02,22:00,91,3.5,1.4,4.8,Snow Showers,18.477291445819777,261.90097374630204
2024-04-02,23:00,87,21.0,0.0,15.2,Heavy Snow,0,0.0
2024-04-03,00:00,90,20.4,0.0,3.9,Snow Showers,0,0.0
2024-04-03,01:00,80,8.5,11.0,1.3,Freezing Rain,0,0.0
2024-04-03,02:00,98,19.9,1.1,5.5,Snow Showers,0,0.0
2024-04-03,03:00,88,7.9,0.1,3.8,Snow Showers,0,322.2273018002409
2024-04-03,04:00,98,10.6,0.8,5.6,Snow Showers,0,339.26083826634556
2024-04-03,05:00,98,5.1,14.2,0.0,Heavy Rain,0,0.0
2024-04-03,06:00,33,23.2,0.5,1.7,Partly Cloudy,0,0.0
2024-04-03,07:00,40,9.5,0.0,0.4,Partly Cloudy,0,34.51990848488447
2024-04-03,08:00,90,2.1,0.2,14.7,Heavy Snow,0,49.65781870685578
2024-04-03,09:00,50,6.0,0.2,1.2,Cloudy,0,62.6875880925308
2024-04-03,10:00,60,14.8,1.5,0.9,Cloudy,0,74.23847125089765
2024-04-03,11:00,2,19.3,0.0,1.3,Sunny,0,0.0
2024-04-03,12:00,12,23.4,0.2,1.9,Sunny,0,0.0
2024-04-03,13:00,89,9.5,11.2,5.0,Freezing Rain,0,0.0
2024-04-03,14:00,100,18.2,19.6,1.7,Thunderstorm,0,0.0
2024-04-03,15:00,100,24.7,1.4,16.8,Heavy Snow,0,0.0
2024-04-03,16:00,97,22.1,0.0,16.8,Heavy Snow,0,0.0
2024-04-03,17:00,100,2.1,0.6,14.9,Heavy Snow,60.290980672517094,177.72009141314447
2024-04-03,18:00,99,13.1,0.4,14.5,Heavy Snow,58.28318782297448,200.6111891156653
2024-04-03,19:00,91,15.2,1.2,4.3,Snow Showers,0,0.0
2024-04-03,20:00,83,2.5,1.3,5.5,Snow Showers,42.31690279757455,237.0912975032346
2024-04-03,21:00,95,13.7,1.1,4.7,Snow Showers,30.997603444596315,250.56488388905132
2024-04-03,22:00,96,19.7,0.0,5.3,Snow Showers,0,0.0
2024-04-03,23:00,92,22.6,0.0,6.4,Snow Showers,0,0.0
2024-04-04,00:00,100,23.2,0.0,4.3,Snow Showers,0,0.0
2024-04-04,01:00,90,5.1,21.1,0.4,Thunderstorm,0,0.0
2024-04-04,02:00,100,7.5,0.2,13.1,Heavy Snow,0,307.8217627102381
2024-04-04,03:00,90,20.7,16.3,0.0,Heavy Rain,0,0.0
2024-04-04,04:00,96,9.3,14.0,0.4,Heavy Rain,0,0.0
2024-04-04,05:00,81,11.2,1.7,6.7,Snow Showers,0,358.17891757275737
2024-04-04,06:00,84,4.9,0.0,6.5,Snow Showers,0,17.05956452499322
2024-04-04,07:00,69,6.1,0.0,0.2,Cloudy,0,34.41718055158765
2024-04-04,08:00,84,13.1,16.5,0.5,Heavy Rain,0,0.0
2024-04-04,09:00,89,6.7,14.6,1.5,Heavy Rain,0,0.0
2024-04-04,10:00,91,20.7,16.4,0.3,Heavy Rain,0,0.0
2024-04-04,11:00,7,16.8,0.0,0.0,Clear and Warm,0,0.0
2024-04-04,12:00,87,16.6,0.0,13.4,Heavy Snow,0,0.0
2024-04-04,13:00,52,20.7,0.0,1.9,Cloudy,0,0.0
2024-04-04,14:00,10,5.4,0.0,0.0,Clear and Warm,33.780392185288925,119.94459001774231
2024-04-04,15:00,81,24.0,8.1,4.3,Freezing Rain,0,0.0
2024-04-04,16:00,92,18.6,1.5,13.6,Heavy Snow,0,0.0
2024-04-04,17:00,100,11.1,0.0,14.7,Heavy Snow,60.750099747093614,177.81608121328122
2024-04-04,18:00,96,22.3,0.0,15.2,Heavy Snow,0,0.0
2024-04-04,19:00,100,13.6,19.7,0.0,Thunderstorm,0,0.0
2024-04-04,20:00,89,19.2,20.6,1.6,Thunderstorm,0,0.0
2024-04-04,21:00,82,9.4,10.4,2.2,Freezing Rain,0,0.0
2024-04-04,22:00,87,4.5,11.2,2.3,Freezing Rain,0,0.0
2024-04-04,23:00,91,18.6,9.4,3.1,Freezing Rain,0,0.0
2024-04-05,00:00,94,16.9,11.9,1.9,Freezing Rain,0,0.0
2024-04-05,01:00,100,12.3,0.0,16.7,Heavy Snow,0,295.4369760359605
2024-04-05,02:00,99,16.1,1.1,14.8,Heavy Snow,0,0.0
2024-04-05,03:00,86,19.3,0.0,16.5,Heavy Snow,0,0.0
2024-04-05,04:00,100,9.7,1.6,14.2,Heavy Snow,0,339.6688892347547
2024-04-05,05:00,86,19.1,0.3,15.5,Heavy Snow,0,0.0
2024-04-05,06:00,92,6.5,0.1,14.2,Heavy Snow,0,17.048275572329885
2024-04-05,07:00,6,14.4,0.0,0.9,Sunny,0,34.31513483370344
2024-04-05,08:00,89,15.5,15.7,0.2,Heavy Rain,0,0.0
2024-04-05,09:00,100,6.5,-0.0,13.3,Heavy Snow,0,62.306382737841034
2024-04-05,10:00,100,18.2,16.7,1.1,Heavy Rain,0,0.0
2024-04-05,11:00,12,14.0,0.0,1.7,Sunny,3.5801542797498445,84.58448401016824
2024-04-05,12:00,14,4.4,1.1,0.7,Sunny,14.10649228967484,95.28795703906093
2024-04-05,13:00,86,11.9,3.0,0.9,Light Rain,29.329727625388387,106.69611580258567
2024-04-05,14:00,84,23.3,1.7,0.0,Light Rain,0,0.0
2024-04-05,15:00,15,18.8,0.3,0.0,Sunny,0,0.0
2024-04-05,16:00,51,7.9,0.9,0.0,Cloudy,48.5126283818383,155.06133865816355
2024-04-05,17:00,85,14.7,21.0,0.0,Thunderstorm,0,0.0
2024-04-05,18:00,78,24.5,1.9,0.0,Light Rain,0,0.0
2024-04-05,19:00,0,17.6,0.6,0.1,Clear and Warm,0,0.0
2024-04-05,20:00,56,17.6,0.6,1.3,Cloudy,0,0.0
2024-04-05,21:00,88,9.8,19.9,0.0,Thunderstorm,0,0.0
2024-04-05,22:00,0,7.8,0.7,0.0,Clear and Warm,16.063358795709693,262.8893603611758
2024-04-05,23:00,13,4.8,0.0,0.6,Clear and Warm,5.5641092949553785,273.67757816922017
2024-04-06,00:00,96,4.6,21.3,0.0,Thunderstorm,0,0.0
2024-04-06,01:00,14,11.7,1.9,0.0,Clear and Warm,0,295.7424808521997
2024-04-06,02:00,100,21.6,1.2,16.9,Heavy Snow,0,0.0
2024-04-06,03:00,85,17.5,1.5,16.5,Heavy Snow,0,0.0
2024-04-06,04:00,74,22.5,0.9,0.0,Light Rain,0,0.0
2024-04-06,05:00,82,12.5,2.6,0.0,Light Rain,0,358.37968220809177
2024-04-06,06:00,70,6.3,1.2,2.0,Light Rain,0,17.03638507664448
2024-04-06,07:00,81,4.5,2.8,0.5,Light Rain,0,34.213720634471485
2024-04-06,08:00,89,16.5,1.2,0.0,Light Rain,0,0.0
2024-04-06,09:00,6,5.1,1.3,0.0,Clear and Warm,0,62.11734621770631
2024-04-06,10:00,78,8.1,0.2,0.0,Light Rain,0,73.61808145740304
2024-04-06,11:00,87,20.1,9.9,3.6,Freezing Rain,0,0.0
2024-04-06,12:00,88,9.0,8.5,2.4,Freezing Rain,0,0.0
2024-04-06,13:00,99,21.8,0.8,5.3,Snow Showers,0,0.0
2024-04-06,14:00,89,24.9,0.0,14.5,Heavy Snow,0,0.0
2024-04-06,15:00,88,24.1,0.4,16.3,Heavy Snow,0,0.0
2024-04-06,16:00,2,2.9,0.0,0.0,Clear and Warm,48.8935919449032,154.99181831963892
2024-04-06,17:00,1,19.2,0.9,0.3,Clear and Warm,0,0.0
2024-04-06,18:00,2,7.0,0.3,1.4,Clear and Warm,49.61556547670551,201.36362380559729
2024-04-06,19:00,14,18.6,0.2,1.2,Clear and Warm,0,0.0
2024-04-06,20:00,12,23.2,0.0,0.1,Clear and Warm,0,0.0
2024-04-06,21:00,85,5.7,16.3,0.0,Heavy Rain,0,0.0
2024-04-06,22:00,100,18.6,21.6,1.7,Thunderstorm,0,0.0
2024-04-06,23:00,88,14.3,1.2,5.7,Snow Showers,6.938608572910168,273.99412547117595
2024-04-07,00:00,77,6.2,1.8,0.6,Light Rain,0,284.70357463974136
2024-04-07,01:00,89,14.9,3.8,0.0,Light Rain,0,296.04527420907294
2024-04-07,02:00,79,22.4,0.5,0.7,Light Rain,0,0.0
2024-04-07,03:00,83,6.6,0.9,0.3,Light Rain,0,323.28461686688803
2024-04-07,04:00,13,16.8,1.8,1.6,Clear and Warm,0,0.0
2024-04-07,05:00,0,7.3,0.6,0.0,Clear and Warm,0,358.47655940629613
2024-04-07,06:00,79,6.8,10.8,3.2,Freezing Rain,0,0.0
2024-04-07,07:00,81,21.4,10.6,3.1,Freezing Rain,0,0.0
2024-04-07,08:00,95,24.2,9.5,2.4,Freezing Rain,0,0.0
2024-04-07,09:00,88,12.7,11.2,4.2,Freezing Rain,0,0.0
2024-04-07,10:00,20,12.9,1.1,0.0,Sunny,0,73.41284659726773
2024-04-07,11:00,4,23.6,0.0,1.5,Clear and Warm,0,0.0
2024-04-07,12:00,91,20.2,0.0,3.5,Snow Showers,0,0.0
2024-04-07,13:00,97,10.0,19.9,1.3,Thunderstorm,0,0.0
2024-04-07,14:00,86,7.9,21.7,0.5,Thunderstorm,0,0.0
2024-04-07,15:00,50,16.1,0.0,0.0,Cloudy,0,0.0
2024-04-07,16:00,92,2.2,14.2,1.9,Heavy Rain,0,0.0
2024-04-07,17:00,9,7.8,1.5,0.9,Sunny,51.76156824732361,178.1046987656233
2024-04-07,18:00,21,13.3,0.0,0.0,Partly Cloudy,49.96015129449326,201.61708105623885
2024-04-07,19:00,20,9.3,0.0,0.5,Partly Cloudy,44.39934409105665,222.02309084243754
2024-04-07,20:00,31,14.4,1.5,0.3,Partly Cloudy,36.308178529600774,238.482203844104
2024-04-07,21:00,29,9.7,0.0,0.0,Partly Cloudy,26.767021388648583,251.92493014595294
2024-04-07,22:00,20,13.5,1.3,2.0,Partly Cloudy,16.501625258464532,263.54168760579853
2024-04-07,23:00,91,21.3,0.0,15.9,Heavy Snow,0,0.0
2024-04-08,00:00,100,19.0,0.0,15.8,Heavy Snow,0,0.0
2024-04-08,01:00,100,7.8,1.2,14.7,Heavy Snow,0,296.34526303319825
2024-04-08,02:00,100,20.5,0.4,16.1,Heavy Snow,0,0.0
2024-04-08,03:00,83,21.1,0.2,5.8,Snow Showers,0,0.0
2024-04-08,04:00,75,8.7,2.3,0.0,Light Rain,0,340.2547348282865
2024-04-08,05:00,96,8.8,18.4,0.0,Thunderstorm,0,0.0
2024-04-08,06:00,87,15.9,19.1,1.5,Thunderstorm,0,0.0
2024-04-08,07:00,90,15.1,13.8,1.8,Heavy Rain,0,0.0
2024-04-08,08:00,80,5.0,15.0,1.8,Heavy Rain,0,0.0
2024-04-08,09:00,92,4.4,15.2,0.0,Heavy Rain,0,0.0
2024-04-08,10:00,90,18.8,15.5,0.1,Heavy Rain,0,0.0
2024-04-08,11:00,89,6.5,10.9,2.0,Freezing Rain,0,0.0
2024-04-08,12:00,98,15.3,18.0,0.0,Thunderstorm,0,0.0
2024-04-08,13:00,81,10.8,3.1,1.4,Light Rain,30.491491997491465,106.02073632005136
2024-04-08,14:00,85,15.1,0.4,14.4,Heavy Snow,0,0.0
2024-04-08,15:00,85,4.6,1.9,13.1,Heavy Snow,52.27366392610453,135.00270733880825
2024-04-08,16:00,100,21.0,1.0,14.5,Heavy Snow,0,0.0
2024-04-08,17:00,92,5.2,18.7,0.0,Thunderstorm,0,0.0
2024-04-08,18:00,91,21.4,21.4,0.0,Thunderstorm,0,0.0
2024-04-08,19:00,94,19.3,19.4,0.9,Thunderstorm,0,0.0
2024-04-08,20:00,93,4.1,20.5,0.6,Thunderstorm,0,0.0
2024-04-08,21:00,16,19.9,1.5,0.0,Sunny,0,0.0
2024-04-08,22:00,5,22.5,0.0,0.0,Sunny,0,0.0
2024-04-08,23:00,18,19.9,0.3,1.5,Sunny,0,0.0
2024-04-09,00:00,90,15.8,0.2,4.9,Snow Showers,0,0.0
2024-04-09,01:00,21,3.7,1.3,0.0,Partly Cloudy,0,296.6423580625303
2024-04-09,02:00,13,7.6,0.9,0.9,Sunny,0,309.27092668710986
2024-04-09,03:00,92,22.8,0.0,16.4,Heavy Snow,0,0.0
2024-04-09,04:00,83,13.7,1.6,0.0,Light Rain,0,340.4428868695528
2024-04-09,05:00,72,24.5,1.5,0.7,Light Rain,0,0.0
2024-04-09,06:00,34,22.5,0.0,0.9,Partly Cloudy,0,0.0
2024-04-09,07:00,78,22.9,2.5,0.0,Light Rain,0,0.0
2024-04-09,08:00,86,8.8,0.0,3.4,Snow Showers,0,48.71355523242744
2024-04-09,09:00,93,9.8,0.0,5.3,Snow Showers,0,61.55639104319317
2024-04-09,10:00,0,24.9,0.0,0.5,Clear and Warm,0,0.0
2024-04-09,11:00,100,22.0,21.7,0.0,Thunderstorm,0,0.0
2024-04-09,12:00,13,17.7,0.7,0.0,Sunny,0,0.0
2024-04-09,13:00,0,23.5,0.0,0.0,Sunny,0,0.0
2024-04-09,14:00,22,22.3,0.0,1.9,Partly Cloudy,0,0.0
2024-04-09,15:00,95,8.0,0.0,5.0,Snow Showers,52.699307671879936,134.82482774304032
2024-04-09,16:00,100,22.7,19.1,0.3,Thunderstorm,0,0.0
2024-04-09,17:00,84,21.5,15.3,0.0,Heavy Rain,0,0.0
2024-04-09,18:00,88,19.3,14.6,1.2,Heavy Rain,0,0.0
2024-04-09,19:00,80,23.6,15.7,0.7,Heavy Rain,0,0.0
2024-04-09,20:00,6,9.3,0.0,0.0,Sunny,36.81868647397411,239.17620051113906
2024-04-09,21:00,93,3.9,0.4,4.6,Snow Showers,32.670794420476554,252.5989396801806
2024-04-09,22:00,85,11.2,1.3,3.3,Snow Showers,20.322300323003656,264.1876181829378
2024-04-09,23:00,96,16.3,2.0,3.3,Snow Showers,0,0.0
2024-04-10,00:00,89,15.0,0.0,14.6,Heavy Snow,0,285.61756992975165
2024-04-10,01:00,84,8.2,2.1,0.0,Light Rain,0,296.93647244635
2024-04-10,02:00,79,8.8,2.5,0.8,Light Rain,0,309.55057933085527
2024-04-10,03:00,80,12.1,9.2,3.5,Freezing Rain,0,0.0
2024-04-10,04:00,93,17.4,8.2,2.6,Freezing Rain,0,0.0
2024-04-10,05:00,92,22.7,9.0,1.2,Freezing Rain,0,0.0
2024-04-10,06:00,19,8.6,0.0,0.0,Sunny,0,16.981980953244204
2024-04-10,07:00,2,24.2,0.0,1.4,Sunny,0,0.0
2024-04-10,08:00,0,7.8,0.0,0.4,Clear and Warm,0,48.55976417072634
2024-04-10,09:00,0,5.0,0.0,0.0,Clear and Warm,0,61.37144256937211
2024-04-10,10:00,100,9.5,0.0,15.8,Heavy Snow,0,72.80193659811545
2024-04-10,11:00,40,13.9,0.0,0.1,Partly Cloudy,5.146621594593907,83.50780212437911
2024-04-10,12:00,28,19.7,0.0,0.6,Partly Cloudy,0,0.0
2024-04-10,13:00,85,11.1,0.2,0.0,Light Rain,31.25017730900389,105.56768498758879
2024-04-10,14:00,60,6.2,0.0,1.1,Cloudy,35.80134045064288,118.6499275407997
2024-04-10,15:00,96,18.0,0.5,13.6,Heavy Snow,0,0.0
2024-04-10,16:00,27,14.0,0.0,1.9,Partly Cloudy,50.39444314978038,154.6957101365084
2024-04-10,17:00,97,6.5,16.7,1.4,Heavy Rain,0,0.0
2024-04-10,18:00,3,23.7,0.0,0.0,Clear and Warm,0,0.0
2024-04-10,19:00,90,3.8,0.5,14.1,Heavy Snow,54.3368381514812,223.02164237688004
2024-04-10,20:00,100,2.3,1.2,13.2,Heavy Snow,44.48510148362301,239.52233216510237
2024-04-10,21:00,93,11.5,0.5,16.4,Heavy Snow,32.94309099532338,252.93398335154055
2024-04-10,22:00,100,24.4,0.0,13.8,Heavy Snow,0,0.0
2024-04-10,23:00,100,7.8,0.6,16.0,Heavy Snow,7.975337897068936,275.24027122793433
2024-04-11,00:00,95,21.1,18.0,0.0,Thunderstorm,0,0.0
2024-04-11,01:00,96,12.3,20.5,0.1,Thunderstorm,0,0.0
2024-04-11,02:00,100,10.2,18.6,0.6,Thunderstorm,0,0.0
2024-04-11,03:00,98,6.9,18.7,0.0,Thunderstorm,0,0.0
2024-04-11,04:00,100,12.7,0.0,16.1,Heavy Snow,0,340.8083450400718
2024-04-11,05:00,76,17.6,9.1,4.6,Freezing Rain,0,0.0
2024-04-11,06:00,82,6.1,2.3,0.4,Light Rain,0,16.96649906058235
2024-04-11,07:00,81,8.9,1.0,0.9,Light Rain,0,33.71470486486783
2024-04-11,08:00,13,12.5,1.6,0.0,Clear and Warm,0,48.40694212498539
2024-04-11,09:00,11,21.3,0.9,1.3,Clear and Warm,0,0.0
2024-04-11,10:00,73,21.5,1.6,-0.0,Light Rain,0,0.0
2024-04-11,11:00,78,17.4,1.0,0.0,Light Rain,0,0.0
2024-04-11,12:00,89,5.8,0.4,0.0,Light Rain,19.170386551561023,93.95133056378592
2024-04-11,13:00,72,17.3,0.1,0.0,Light Rain,0,0.0
2024-04-11,14:00,81,3.9,2.8,0.0,Light Rain,43.354034614111235,118.4296112799978
2024-04-11,15:00,87,20.3,1.0,0.0,Light Rain,0,0.0
2024-04-11,16:00,88,8.8,3.3,0.0,Light Rain,60.915990295974396,154.616809957785
2024-04-11,17:00,76,9.3,3.9,0.0,Light Rain,63.8960317691971,178.48734928442627
2024-04-11,18:00,78,2.6,1.0,0.4,Light Rain,61.578620713153356,202.6410127658858
2024-04-11,19:00,89,7.6,2.2,0.0,Light Rain,54.683736560997204,223.35511578647134
2024-04-11,20:00,93,10.7,0.0,14.4,Heavy Snow,44.78530006041652,239.86769006731507
2024-04-11,21:00,88,11.0,16.1,0.0,Heavy Rain,0,0.0
2024-04-11,22:00,81,11.8,16.3,0.0,Heavy Rain,0,0.0
2024-04-11,23:00,94,15.1,11.7,4.7,Freezing Rain,0,0.0
2024-04-12,00:00,89,9.8,9.4,2.8,Freezing Rain,0,0.0
2024-04-12,01:00,100,7.3,17.0,0.0,Heavy Rain,0,0.0
2024-04-12,02:00,92,18.7,16.5,0.4,Heavy Rain,0,0.0
2024-04-12,03:00,50,7.4,1.4,0.0,Cloudy,0,324.52160597278964
2024-04-12,04:00,92,17.7,8.7,4.3,Freezing Rain,0,0.0
2024-04-12,05:00,20,16.9,0.9,0.0,Partly Cloudy,0,0.0
2024-04-12,06:00,96,5.4,13.4,0.0,Heavy Rain,0,0.0
2024-04-12,07:00,88,19.3,10.0,1.2,Freezing Rain,0,0.0
2024-04-12,08:00,90,5.5,11.7,1.5,Freezing Rain,0,0.0
2024-04-12,09:00,95,19.5,18.5,0.0,Thunderstorm,0,0.0
2024-04-12,10:00,100,17.1,0.0,3.3,Snow Showers,0,0.0
2024-04-12,11:00,91,5.8,0.0,4.7,Snow Showers,6.907029308522006,83.08058969267512
2024-04-12,12:00,19,24.7,0.2,1.5,Sunny,0,0.0
2024-04-12,13:00,13,22.7,0.0,0.5,Sunny,0,0.0
2024-04-12,14:00,12,2.3,2.0,0.0,Sunny,36.452266127470956,118.20804456213511
2024-04-12,15:00,17,21.6,0.0,1.1,Sunny,0,0.0
2024-04-12,16:00,5,24.2,1.7,0.1,Sunny,0,0.0
2024-04-12,17:00,58,21.9,0.0,0.2,Cloudy,0,0.0
2024-04-12,18:00,31,12.4,0.0,0.0,Partly Cloudy,51.648215322747276,202.89890211055348
2024-04-12,19:00,29,22.1,1.7,0.0,Partly Cloudy,0,0.0
2024-04-12,20:00,32,2.1,0.1,0.0,Partly Cloudy,37.569147112601314,240.21212244688158
2024-04-12,21:00,89,13.0,9.1,3.8,Freezing Rain,0,0.0
2024-04-12,22:00,99,18.6,0.0,4.1,Snow Showers,0,0.0
2024-04-12,23:00,85,12.6,0.0,4.5,Snow Showers,8.487120250058732,275.8498288556995
2024-04-13,00:00,96,24.0,0.3,4.9,Snow Showers,0,0.0
2024-04-13,01:00,93,14.4,0.8,5.2,Snow Showers,0,297.80007121870744
2024-04-13,02:00,84,7.5,8.6,3.0,Freezing Rain,0,0.0
2024-04-13,03:00,88,4.8,8.9,1.5,Freezing Rain,0,0.0
2024-04-13,04:00,9,10.7,1.2,0.0,Clear and Warm,0,341.1591874111241
2024-04-13,05:00,39,22.0,1.8,0.0,Partly Cloudy,0,0.0
2024-04-13,06:00,91,12.2,1.2,13.4,Heavy Snow,0,16.933062347236046
2024-04-13,07:00,100,10.6,0.0,13.8,Heavy Snow,0,33.51822534765961
2024-04-13,08:00,92,16.7,15.6,0.3,Heavy Rain,0,0.0
2024-04-13,09:00,4,9.5,0.0,0.0,Clear and Warm,0,60.82268412054975
2024-04-13,10:00,90,12.3,2.9,0.4,Light Rain,0,72.19848147483464
2024-04-13,11:00,90,24.2,3.9,0.0,Light Rain,0,0.0
2024-04-13,12:00,72,7.5,1.4,1.0,Light Rain,19.891898664997647,93.50645963178886
2024-04-13,13:00,73,20.6,0.6,0.0,Light Rain,0,0.0
2024-04-13,14:00,40,20.7,0.0,0.4,Partly Cloudy,0,0.0
2024-04-13,15:00,21,6.5,0.0,0.2,Partly Cloudy,45.30563454750611,134.09268872284713
2024-04-13,16:00,33,8.6,0.0,0.0,Partly Cloudy,51.492676538691526,154.45264709570802
2024-04-13,17:00,61,23.7,0.0,0.0,Cloudy,0,0.0
2024-04-13,18:00,100,9.8,18.6,0.2,Thunderstorm,0,0.0
2024-04-13,19:00,62,15.9,1.2,1.7,Cloudy,0,0.0
2024-04-13,20:00,95,3.7,14.4,0.0,Heavy Rain,0,0.0
2024-04-13,21:00,96,12.9,0.1,14.3,Heavy Snow,33.74801090055361,253.92966946808278
2024-04-13,22:00,59,9.6,1.4,0.0,Cloudy,17.787626809625284,265.4565336581883
2024-04-13,23:00,50,21.4,0.0,0.0,Cloudy,0,0.0
2024-04-14,00:00,70,21.2,0.0,0.0,Cloudy,0,0.0
2024-04-14,01:00,60,7.1,0.2,0.9,Cloudy,0,298.0814005197065
2024-04-14,02:00,69,24.1,0.0,0.0,Cloudy,0,0.0
2024-04-14,03:00,84,7.9,13.7,1.5,Heavy Rain,0,0.0
2024-04-14,04:00,90,19.3,15.6,1.2,Heavy Rain,0,0.0
2024-04-14,05:00,80,11.0,13.6,0.8,Heavy Rain,0,0.0
2024-04-14,06:00,36,10.5,1.3,0.6,Partly Cloudy,0,16.915042621588327
2024-04-14,07:00,100,6.7,14.1,0.0,Heavy Rain,0,0.0
2024-04-14,08:00,73,11.4,1.4,0.5,Light Rain,0,47.954103439956896
2024-04-14,09:00,86,20.3,15.9,0.0,Heavy Rain,0,0.0
2024-04-14,10:00,85,22.7,16.2,0.7,Heavy Rain,0,0.0
2024-04-14,11:00,80,5.9,13.9,1.3,Heavy Rain,0,0.0
2024-04-14,12:00,13,3.0,0.0,0.0,Sunny,16.87263588227378,93.28429087553263
2024-04-14,13:00,3,13.0,0.0,0.0,Sunny,27.27050014703784,104.65595505077562
2024-04-14,14:00,37,10.3,0.0,0.0,Partly Cloudy,37.090245467789885,117.76124519114819
2024-04-14,15:00,92,10.3,14.2,0.0,Heavy Rain,0,0.0
2024-04-14,16:00,85,13.8,16.8,0.3,Heavy Rain,0,0.0
2024-04-14,17:00,81,5.0,3.2,1.7,Light Rain,65.20126287031994,178.76913072339482
2024-04-14,18:00,83,21.6,0.8,0.7,Light Rain,0,0.0
2024-04-14,19:00,74,16.0,3.4,0.7,Light Rain,0,0.0
2024-04-14,20:00,81,16.6,0.1,1.6,Light Rain,0,0.0
2024-04-14,21:00,75,10.6,3.1,0.0,Light Rain,34.01222871776927,254.2579586072718
2024-04-14,22:00,88,20.0,8.8,2.4,Freezing Rain,0,0.0
2024-04-14,23:00,94,18.3,21.1,0.0,Thunderstorm,0,0.0
2024-04-15,00:00,65,13.5,0.0,0.0,Cloudy,0,287.0873954549664
2024-04-15,01:00,0,3.4,0.0,0.0,Clear and Warm,0,298.35931612745645
2024-04-15,02:00,0,12.8,0.2,0.0,Clear and Warm,0,310.894020817807
2024-04-15,03:00,91,6.7,20.3,1.2,Thunderstorm,0,0.0
2024-04-15,04:00,91,15.5,20.8,0.9,Thunderstorm,0,0.0
2024-04-15,05:00,0,14.9,0.5,1.8,Clear and Warm,0,359.16428806890065
2024-04-15,06:00,0,17.9,0.0,1.2,Clear and Warm,0,0.0
2024-04-15,07:00,96,20.5,20.6,0.0,Thunderstorm,0,0.0
2024-04-15,08:00,90,3.9,1.3,0.4,Light Rain,0,47.80496225307513
2024-04-15,09:00,5,9.5,1.7,0.0,Sunny,0,60.461890495292494
2024-04-15,10:00,0,16.8,0.4,1.7,Clear and Warm,0,0.0
2024-04-15,11:00,2,4.8,0.0,0.0,Clear and Warm,6.648265514467318,82.4440777691708
2024-04-15,12:00,8,16.1,0.0,0.0,Clear and Warm,0,0.0
2024-04-15,13:00,52,5.1,0.0,1.3,Cloudy,27.56954601123126,104.42704206521125
2024-04-15,14:00,2,22.4,0.0,1.9,Clear and Warm,0,0.0
2024-04-15,15:00,95,8.1,9.3,2.6,Freezing Rain,0,0.0
2024-04-15,16:00,9,13.5,0.0,0.0,Clear and Warm,52.210034841802944,154.27946391653177
2024-04-15,17:00,4,13.7,0.0,0.0,Clear and Warm,54.69144398244213,178.8614410001627
2024-04-15,18:00,0,17.9,0.0,0.8,Clear and Warm,0,0.0
2024-04-15,19:00,97,11.4,21.7,1.3,Thunderstorm,0,0.0
2024-04-15,20:00,90,2.3,1.5,4.9,Snow Showers,45.96050961387199,241.23829305956426
2024-04-15,21:00,95,15.7,0.6,6.9,Snow Showers,0,0.0
2024-04-15,22:00,91,17.4,2.0,4.6,Snow Showers,0,0.0
2024-04-15,23:00,85,2.6,0.0,6.1,Snow Showers,9.245658608813462,276.74484371041547
2024-04-16,00:00,92,6.2,1.4,6.4,Snow Showers,0,287.3724539804448
2024-04-16,01:00,80,19.1,13.0,0.1,Heavy Rain,0,0.0
2024-04-16,02:00,65,9.1,0.0,0.0,Cloudy,0,311.15125225525725
2024-04-16,03:00,80,4.2,0.0,5.9,Snow Showers,0,325.4396829803409
2024-04-16,04:00,12,19.4,0.0,0.0,Clear and Warm,0,0.0
2024-04-16,05:00,17,20.4,0.9,1.5,Sunny,0,0.0
2024-04-16,06:00,12,18.5,0.0,1.2,Sunny,0,0.0
2024-04-16,07:00,12,4.6,0.0,1.3,Clear and Warm,0,33.22602342340576
2024-04-16,08:00,91,23.5,10.2,2.0,Freezing Rain,0,0.0
2024-04-16,09:00,80,20.8,9.6,1.8,Freezing Rain,0,0.0
2024-04-16,10:00,99,14.1,0.0,6.9,Snow Showers,0,71.60281210044741
2024-04-16,11:00,76,16.0,10.4,3.5,Freezing Rain,0,0.0
2024-04-16,12:00,75,3.8,8.3,4.5,Freezing Rain,0,0.0
2024-04-16,13:00,64,4.8,0.5,0.5,Cloudy,33.43813730101964,104.19779975839674
2024-04-16,14:00,81,14.8,2.0,0.0,Light Rain,45.257201886920804,117.30969372204959
2024-04-16,15:00,84,5.0,0.7,0.6,Light Rain,55.576385845669094,133.52143872873205
2024-04-16,16:00,22,22.3,0.0,0.9,Partly Cloudy,0,0.0
2024-04-16,17:00,14,18.5,1.5,0.0,Clear and Warm,0,0.0
2024-04-16,18:00,9,11.1,0.4,0.7,Clear and Warm,52.95217468066387,203.93383086900906
2024-04-16,19:00,13,6.0,1.8,1.4,Sunny,46.977598635755164,225.01997543528785
2024-04-16,20:00,92,14.8,0.5,3.9,Snow Showers,46.247760345000884,241.57743587562595
2024-04-16,21:00,35,13.4,1.8,0.3,Partly Cloudy,28.778667489029587,254.90828770978288
2024-04-16,22:00,97,11.1,0.0,16.7,Heavy Snow,22.09569948935737,266.3843503503793
2024-04-16,23:00,90,23.3,9.5,4.0,Freezing Rain,0,0.0
2024-04-17,00:00,97,2.9,0.0,6.9,Snow Showers,0,287.6543147158239
2024-04-17,01:00,98,8.4,19.7,0.0,Thunderstorm,0,0.0
2024-04-17,02:00,94,18.3,0.5,3.3,Snow Showers,0,0.0
2024-04-17,03:00,81,8.3,1.5,6.6,Snow Showers,0,325.65887438757727
2024-04-17,04:00,0,4.0,0.0,0.0,Clear and Warm,0,341.81619149045184
2024-04-17,05:00,9,14.3,0.0,0.8,Clear and Warm,0,359.311165562168
2024-04-17,06:00,87,5.0,8.8,2.8,Freezing Rain,0,0.0
2024-04-17,07:00,94,8.8,0.9,13.1,Heavy Snow,0,33.12914298173558
2024-04-17,08:00,92,11.1,0.0,13.9,Heavy Snow,0,47.509236921899344
2024-04-17,09:00,73,4.7,1.1,0.0,Light Rain,0,60.105069329206
2024-04-17,10:00,6,22.9,1.8,0.0,Sunny,0,0.0
2024-04-17,11:00,99,5.8,0.1,14.7,Heavy Snow,8.673095522466637,82.02285524713932
2024-04-17,12:00,5,5.0,1.0,0.0,Clear and Warm,17.74114040941487,92.61920164645437
2024-04-17,13:00,100,8.0,0.0,16.2,Heavy Snow,33.78851300051362,103.96825835923778
2024-04-17,14:00,37,2.5,0.9,1.1,Partly Cloudy,38.020881574434455,117.08218504286782
2024-04-17,15:00,38,4.0,0.2,0.0,Partly Cloudy,46.64251867749781,133.32669924829406
2024-04-17,16:00,25,18.2,0.0,0.0,Partly Cloudy,0,0.0
2024-04-17,17:00,35,23.2,0.0,0.0,Partly Cloudy,0,0.0
2024-04-17,18:00,0,8.0,0.0,0.0,Clear and Warm,53.27112275125733,204.19259735123654
2024-04-17,19:00,2,3.1,0.0,1.7,Clear and Warm,47.25135140746891,225.35122963492992
2024-04-17,20:00,13,5.8,0.0,0.0,Clear and Warm,38.77695501087596,241.91484769799726
2024-04-17,21:00,95,13.7,0.0,3.4,Snow Showers,34.79232755598721,255.23004582220887
2024-04-17,22:00,86,15.8,1.0,4.0,Snow Showers,0,0.0
2024-04-17,23:00,98,14.5,0.0,4.7,Snow Showers,9.744886624295424,277.32736890790954
2024-04-18,00:00,90,8.9,1.2,0.0,Light Rain,0,287.9328811440188
2024-04-18,01:00,96,11.1,21.0,0.0,Thunderstorm,0,0.0
2024-04-18,02:00,86,19.2,19.7,0.0,Thunderstorm,0,0.0
2024-04-18,03:00,100,6.2,18.3,1.3,Thunderstorm,0,0.0
2024-04-18,04:00,77,3.1,8.2,2.8,Freezing Rain,0,0.0
2024-04-18,05:00,94,12.1,8.4,1.6,Freezing Rain,0,0.0
2024-04-18,06:00,88,24.3,9.4,1.3,Freezing Rain,0,0.0
2024-04-18,07:00,57,4.6,0.9,0.0,Cloudy,0,33.03245597591325
2024-04-18,08:00,0,17.5,0.1,0.0,Clear and Warm,0,0.0
2024-04-18,09:00,8,17.2,0.0,0.0,Clear and Warm,0,0.0
2024-04-18,10:00,13,7.3,0.8,0.6,Clear and Warm,0,71.21012752742126
2024-04-18,11:00,100,7.2,20.9,1.5,Thunderstorm,0,0.0
2024-04-18,12:00,100,19.3,20.0,0.0,Thunderstorm,0,0.0
2024-04-18,13:00,7,20.5,1.1,0.0,Sunny,0,0.0
2024-04-18,14:00,68,20.1,0.0,0.0,Cloudy,0,0.0
2024-04-18,15:00,50,17.2,1.4,0.0,Cloudy,0,0.0
2024-04-18,16:00,50,10.9,0.0,-0.0,Cloudy,53.2615989715574,154.0012217830522
2024-04-18,17:00,70,11.9,1.0,0.0,Cloudy,66.8937703738018,179.13159339792514
2024-04-18,18:00,71,23.1,0.7,0.6,Light Rain,0,0.0
2024-04-18,19:00,20,21.5,0.6,0.4,Sunny,0,0.0
2024-04-18,20:00,11,20.1,0.0,0.0,Sunny,0,0.0
2024-04-18,21:00,50,10.4,2.0,0.0,Cloudy,29.206778937035477,255.54934531515724
2024-04-18,22:00,80,12.8,15.5,-0.0,Heavy Rain,0,0.0
2024-04-18,23:00,94,10.9,15.1,1.0,Heavy Rain,0,0.0
2024-04-19,00:00,0,19.9,0.0,0.0,Clear and Warm,0,0.0
2024-04-19,01:00,11,2.3,0.0,0.2,Clear and Warm,0,299.43512294973164
2024-04-19,02:00,59,21.4,1.0,1.8,Cloudy,0,0.0
2024-04-19,03:00,26,3.6,1.2,0.0,Partly Cloudy,0,326.0845331111511
2024-04-19,04:00,21,5.8,0.4,0.8,Partly Cloudy,0,342.1218941516355
2024-04-19,05:00,78,2.5,10.0,1.3,Freezing Rain,0,0.0
2024-04-19,06:00,81,23.3,8.5,2.0,Freezing Rain,0,0.0
2024-04-19,07:00,89,6.5,9.0,1.8,Freezing Rain,0,0.0
2024-04-19,08:00,78,21.9,9.1,1.3,Freezing Rain,0,0.0
2024-04-19,09:00,90,15.3,9.9,3.2,Freezing Rain,0,0.0
2024-04-19,10:00,89,9.9,11.5,1.8,Freezing Rain,0,0.0
2024-04-19,11:00,76,20.7,9.5,2.4,Freezing Rain,0,0.0
2024-04-19,12:00,89,17.2,12.0,3.5,Freezing Rain,0,0.0
2024-04-19,13:00,86,5.4,0.0,4.4,Snow Showers,34.47582283589067,103.50840161731458
2024-04-19,14:00,80,24.8,0.9,6.5,Snow Showers,0,0.0
2024-04-19,15:00,86,21.0,1.0,15.0,Heavy Snow,0,0.0
2024-04-19,16:00,90,16.9,0.0,15.1,Heavy Snow,0,0.0
2024-04-19,17:00,7,8.6,0.0,0.0,Sunny,56.08970222228051,179.21888489934395
2024-04-19,18:00,1,21.3,0.0,1.7,Sunny,0,0.0
2024-04-19,19:00,64,9.0,0.0,-0.0,Cloudy,57.34894408197195,226.01055357637168
2024-04-19,20:00,52,15.0,0.4,1.1,Cloudy,39.244554749274535,242.5838136059193
2024-04-19,21:00,100,18.6,19.9,1.7,Thunderstorm,0,0.0
2024-04-19,22:00,92,5.3,18.2,1.2,Thunderstorm,0,0.0
2024-04-19,23:00,93,23.8,18.5,0.6,Thunderstorm,0,0.0
2024-04-20,00:00,100,16.9,21.8,1.9,Thunderstorm,0,0.0
2024-04-20,01:00,7,18.2,0.0,0.1,Clear and Warm,0,0.0
2024-04-20,02:00,7,15.7,1.9,0.0,Clear and Warm,0,0.0
2024-04-20,03:00,2,7.4,0.0,0.7,Clear and Warm,0,326.29091049690487
2024-04-20,04:00,5,18.5,0.0,0.1,Clear and Warm,0,0.0
2024-04-20,05:00,10,21.9,0.4,0.0,Clear and Warm,0,0.0
2024-04-20,06:00,0,24.8,1.8,0.0,Clear and Warm,0,0.0
2024-04-20,07:00,12,22.3,0.5,0.0,Clear and Warm,0,0.0
2024-04-20,08:00,1,16.1,0.2,0.2,Clear and Warm,0,0.0
2024-04-20,09:00,78,8.2,8.7,1.7,Freezing Rain,0,0.0
2024-04-20,10:00,84,5.0,9.0,4.5,Freezing Rain,0,0.0
2024-04-20,11:00,90,7.5,11.3,4.8,Freezing Rain,0,0.0
2024-04-20,12:00,86,14.0,8.0,2.7,Freezing Rain,0,0.0
2024-04-20,13:00,83,5.5,9.7,3.9,Freezing Rain,0,0.0
2024-04-20,14:00,85,6.1,9.5,3.7,Freezing Rain,0,0.0
2024-04-20,15:00,57,5.7,0.0,1.4,Cloudy,47.6060593040202,132.7292400084068
2024-04-20,16:00,9,8.4,0.4,0.0,Clear and Warm,53.945045868120424,153.80231415928665
2024-04-20,17:00,1,15.0,0.0,0.7,Clear and Warm,56.43134114091442,179.30453540267263
2024-04-20,18:00,81,12.2,0.0,5.9,Snow Showers,65.05215399462315,204.96615738537233
2024-04-20,19:00,95,16.1,0.0,4.2,Snow Showers,0,0.0
2024-04-20,20:00,94,20.9,0.3,6.3,Snow Showers,0,0.0
2024-04-20,21:00,83,24.3,1.4,5.7,Snow Showers,0,0.0
2024-04-20,22:00,86,2.6,0.6,5.4,Snow Showers,23.07329949776187,267.5833676751083
2024-04-20,23:00,94,6.6,0.7,4.8,Snow Showers,10.483529237692771,278.177788619702
2024-04-21,00:00,69,7.9,0.0,0.0,Cloudy,0,288.7478702536467
2024-04-21,01:00,62,8.1,0.6,1.8,Cloudy,0,299.95034671042436
2024-04-21,02:00,53,9.9,1.8,0.0,Cloudy,0,312.37633199225706
2024-04-21,03:00,66,7.9,-0.0,0.0,Cloudy,0,326.4929293911762
2024-04-21,04:00,92,10.2,0.0,13.3,Heavy Snow,0,342.41209521571193
2024-04-21,05:00,100,23.7,1.8,16.3,Heavy Snow,0,0.0
2024-04-21,06:00,17,8.8,0.0,0.4,Sunny,0,16.76114904828364
2024-04-21,07:00,20,7.9,1.8,0.3,Sunny,0,32.74315918164234
2024-04-21,08:00,86,11.0,19.7,0.0,Thunderstorm,0,0.0
2024-04-21,09:00,92,11.9,21.5,0.0,Thunderstorm,0,0.0
2024-04-21,10:00,81,6.1,13.0,0.5,Heavy Rain,0,0.0
2024-04-21,11:00,99,22.4,16.8,0.0,Heavy Rain,0,0.0
2024-04-21,12:00,86,14.7,15.3,0.9,Heavy Rain,0,0.0
2024-04-21,13:00,84,3.4,1.1,6.9,Snow Showers,35.14436522737736,103.04773225837255
2024-04-21,14:00,12,13.7,0.0,0.3,Sunny,39.207811298068286,116.1611071887886
2024-04-21,15:00,3,16.1,1.3,1.5,Clear and Warm,0,0.0
2024-04-21,16:00,8,2.6,0.0,0.4,Clear and Warm,54.28117040720137,153.69855057646896
2024-04-21,17:00,2,6.3,0.0,1.8,Clear and Warm,56.769643496066216,179.3883823978872
2024-04-21,18:00,81,13.1,10.9,1.8,Freezing Rain,0,0.0
2024-04-21,19:00,10,9.2,1.7,0.7,Clear and Warm,48.31929845141753,226.66436007881714
2024-04-21,20:00,14,18.0,1.3,0.0,Clear and Warm,0,0.0
2024-04-21,21:00,11,8.6,0.0,1.0,Clear and Warm,29.83565059848628,256.4910942739832
2024-04-21,22:00,7,12.0,0.0,0.0,Clear and Warm,19.427907791128586,267.87552534632823
2024-04-21,23:00,87,19.4,14.3,0.0,Heavy Rain,0,0.0
2024-04-22,00:00,38,15.4,0.0,0.0,Partly Cloudy,0,0.0
2024-04-22,01:00,1,17.3,1.8,0.0,Clear and Warm,0,0.0
2024-04-22,02:00,0,11.3,1.1,0.0,Clear and Warm,0,312.6086786029565
2024-04-22,03:00,8,14.3,0.0,0.7,Clear and Warm,0,326.6905490968115
2024-04-22,04:00,25,15.4,0.0,-0.0,Partly Cloudy,0,0.0
2024-04-22,05:00,32,18.0,0.0,0.0,Partly Cloudy,0,0.0
2024-04-22,06:00,94,17.3,20.4,1.3,Thunderstorm,0,0.0
2024-04-22,07:00,92,22.6,18.9,0.0,Thunderstorm,0,0.0
2024-04-22,08:00,100,9.2,21.4,0.6,Thunderstorm,0,0.0
2024-04-22,09:00,100,10.4,19.6,1.6,Thunderstorm,0,0.0
2024-04-22,10:00,100,9.6,19.1,0.0,Thunderstorm,0,0.0
2024-04-22,11:00,94,9.6,15.4,1.3,Heavy Rain,0,0.0
2024-04-22,12:00,82,17.1,13.6,0.0,Heavy Rain,0,0.0
2024-04-22,13:00,0,10.7,1.6,0.3,Clear and Warm,29.55940960818172,102.81718235812275
2024-04-22,14:00,53,5.3,0.0,0.6,Cloudy,39.494192444163374,115.9282101739393
2024-04-22,15:00,5,17.0,1.9,0.0,Clear and Warm,0,0.0
2024-04-22,16:00,8,14.1,0.0,0.8,Clear and Warm,54.61342311766452,153.59178862034287
2024-04-22,17:00,0,21.2,0.0,0.2,Sunny,0,0.0
2024-04-22,18:00,27,23.4,0.0,1.1,Partly Cloudy,0,0.0
2024-04-22,19:00,86,2.5,19.6,0.0,Thunderstorm,0,0.0
2024-04-22,20:00,0,20.4,1.5,1.8,Sunny,0,0.0
2024-04-22,21:00,9,3.0,1.0,0.0,Sunny,30.041715469720415,256.79916516593454
2024-04-22,22:00,9,4.8,1.2,0.5,Sunny,19.626646882900122,268.1644097736723
2024-04-22,23:00,83,14.1,16.6,0.6,Heavy Rain,0,0.0
2024-04-23,00:00,92,15.5,16.2,1.7,Heavy Rain,0,0.0
2024-04-23,01:00,86,16.7,14.3,0.0,Heavy Rain,0,0.0
2024-04-23,02:00,82,14.2,15.5,0.7,Heavy Rain,0,0.0
2024-04-23,03:00,84,18.8,16.8,1.5,Heavy Rain,0,0.0
2024-04-23,04:00,89,19.9,0.0,16.2,Heavy Snow,0,0.0
2024-04-23,05:00,100,8.2,0.0,14.9,Heavy Snow,0,359.68826918939186
2024-04-23,06:00,92,21.8,0.0,15.9,Heavy Snow,0,0.0
2024-04-23,07:00,100,4.8,0.0,15.2,Heavy Snow,0,32.550554984629514
2024-04-23,08:00,100,2.7,1.4,13.6,Heavy Snow,0,46.64052284982927
2024-04-23,09:00,90,6.1,3.0,0.0,Light Rain,0,59.057575959521216
2024-04-23,10:00,78,6.1,0.4,0.7,Light Rain,0,70.24419097444195
2024-04-23,11:00,89,9.6,3.5,1.9,Light Rain,10.657104884592751,80.77574461864907
2024-04-23,12:00,89,13.5,1.1,1.6,Light Rain,23.255983171566637,91.29788363997449
2024-04-23,13:00,86,23.4,0.1,-0.0,Light Rain,0,0.0
2024-04-23,14:00,88,18.6,0.0,5.7,Snow Showers,0,0.0
2024-04-23,15:00,18,18.6,0.0,1.9,Sunny,0,0.0
2024-04-23,16:00,80,3.6,1.9,6.3,Snow Showers,65.93004112315303,153.48193610658882
2024-04-23,17:00,97,22.3,0.0,5.1,Snow Showers,0,0.0
2024-04-23,18:00,89,9.4,14.5,1.8,Heavy Rain,0,0.0
2024-04-23,19:00,56,15.9,0.0,2.0,Cloudy,0,0.0
2024-04-23,20:00,16,6.8,0.3,0.9,Sunny,40.15270526521275,243.89364151586318
2024-04-23,21:00,100,13.4,2.0,14.2,Heavy Snow,36.29519769833128,257.1040839040942
2024-04-23,22:00,99,16.0,0.0,13.9,Heavy Snow,0,0.0
2024-04-23,23:00,87,23.8,15.7,0.5,Heavy Rain,0,0.0
2024-04-24,00:00,92,6.5,0.4,14.0,Heavy Snow,0,289.5298761587669
2024-04-24,01:00,88,13.4,14.8,0.0,Heavy Rain,0,0.0
2024-04-24,02:00,85,10.8,16.3,0.0,Heavy Rain,0,0.0
2024-04-24,03:00,99,10.8,1.7,14.3,Heavy Snow,0,327.0724361217657
2024-04-24,04:00,82,16.9,9.0,4.5,Freezing Rain,0,0.0
2024-04-24,05:00,32,8.4,1.3,1.9,Partly Cloudy,0,359.7415829266632
2024-04-24,06:00,28,10.5,0.0,0.0,Partly Cloudy,0,16.678260396258395
2024-04-24,07:00,39,4.3,0.6,1.9,Partly Cloudy,0,32.4542252955863
2024-04-24,08:00,99,12.5,21.6,1.0,Thunderstorm,0,0.0
2024-04-24,09:00,94,20.6,12.0,4.7,Freezing Rain,0,0.0
2024-04-24,10:00,59,13.0,1.8,0.5,Cloudy,0,70.05375396202555
2024-04-24,11:00,53,4.7,0.0,0.0,Cloudy,9.143054708402365,80.57050716610229
2024-04-24,12:00,65,19.5,0.0,0.0,Cloudy,0,0.0
2024-04-24,13:00,95,18.3,16.7,0.0,Heavy Rain,0,0.0
2024-04-24,14:00,90,9.3,13.8,0.0,Heavy Rain,0,0.0
2024-04-24,15:00,92,6.3,0.0,13.2,Heavy Snow,58.599422291843794,131.9012698096182
2024-04-24,16:00,70,16.4,1.2,1.1,Cloudy,0,0.0
2024-04-24,17:00,85,16.1,11.5,4.2,Freezing Rain,0,0.0
2024-04-24,18:00,76,16.6,11.3,1.1,Freezing Rain,0,0.0
2024-04-24,19:00,74,9.7,1.2,1.4,Light Rain,58.90948060568156,227.63130910856515
2024-04-24,20:00,73,10.0,3.8,0.1,Light Rain,48.44889936739929,244.21426724786093
2024-04-24,21:00,40,11.8,1.6,1.1,Partly Cloudy,30.448497770542964,257.4057134785116
2024-04-24,22:00,20,3.9,1.4,0.0,Partly Cloudy,20.01983974913235,268.7318975068346
2024-04-24,23:00,37,8.3,1.2,0.0,Partly Cloudy,9.540360056789304,279.2637216488616
2024-04-25,00:00,40,15.8,0.0,1.1,Partly Cloudy,0,0.0
2024-04-25,01:00,88,4.2,14.3,0.0,Heavy Rain,0,0.0
2024-04-25,02:00,69,16.6,0.0,0.0,Cloudy,0,0.0
2024-04-25,03:00,95,14.5,0.0,15.1,Heavy Snow,0,327.25662944524606
2024-04-25,04:00,100,7.0,0.0,15.0,Heavy Snow,0,342.94519450454874
2024-04-25,05:00,95,15.4,0.0,4.6,Snow Showers,0,0.0
2024-04-25,06:00,94,15.0,0.0,6.5,Snow Showers,0,16.64812111259448
2024-04-25,07:00,90,24.8,1.2,5.2,Snow Showers,0,0.0
2024-04-25,08:00,79,11.4,8.8,3.2,Freezing Rain,0,0.0
2024-04-25,09:00,89,4.0,8.1,4.1,Freezing Rain,0,0.0
2024-04-25,10:00,18,20.5,0.0,0.0,Sunny,0,0.0
2024-04-25,11:00,33,19.5,0.0,0.0,Partly Cloudy,0,0.0
2024-04-25,12:00,16,9.3,0.0,0.9,Sunny,19.894193947660458,90.86095189485638
2024-04-25,13:00,92,3.0,1.7,16.2,Heavy Snow,36.42127655917466,102.12515677609753
2024-04-25,14:00,100,10.7,0.0,16.5,Heavy Snow,48.39221723170006,115.22375566564722
2024-04-25,15:00,100,3.3,1.0,15.9,Heavy Snow,58.95418836254569,131.68865245311662
2024-04-25,16:00,98,16.5,20.1,1.4,Thunderstorm,0,0.0
2024-04-25,17:00,96,4.4,22.0,0.9,Thunderstorm,0,0.0
2024-04-25,18:00,87,11.0,20.8,0.0,Thunderstorm,0,0.0
2024-04-25,19:00,86,10.4,13.9,0.0,Heavy Rain,0,0.0
2024-04-25,20:00,100,14.1,15.5,0.0,Heavy Rain,0,0.0
2024-04-25,21:00,91,23.7,14.9,0.0,Heavy Rain,0,0.0
2024-04-25,22:00,0,13.0,0.0,0.0,Clear and Warm,20.21427944077328,269.01027164009975
2024-04-25,23:00,2,18.7,0.0,1.3,Clear and Warm,0,0.0
2024-04-26,00:00,0,25.0,1.8,0.6,Clear and Warm,0,0.0
2024-04-26,01:00,89,14.6,16.5,0.0,Heavy Rain,0,0.0
2024-04-26,02:00,77,6.0,3.9,1.9,Light Rain,0,313.4938368083295
2024-04-26,03:00,88,24.3,0.6,0.4,Light Rain,0,0.0
2024-04-26,04:00,70,6.8,0.1,0.0,Light Rain,0,343.0684847007444
2024-04-26,05:00,12,12.8,0.0,0.0,Sunny,0,359.8398307940855
2024-04-26,06:00,0,4.8,0.0,1.4,Clear and Warm,0,16.616677161286873
2024-04-26,07:00,84,20.3,8.9,1.7,Freezing Rain,0,0.0
2024-04-26,08:00,76,14.4,1.9,0.0,Light Rain,0,46.21527391423933
2024-04-26,09:00,83,2.7,1.5,3.2,Snow Showers,0,58.546267561421246
2024-04-26,10:00,84,7.6,16.3,1.4,Heavy Rain,0,0.0
2024-04-26,11:00,95,15.4,16.9,0.3,Heavy Rain,0,0.0
2024-04-26,12:00,82,6.6,14.6,0.0,Heavy Rain,0,0.0
2024-04-26,13:00,90,7.4,0.0,15.0,Heavy Snow,36.72729311813405,101.89450754933614
2024-04-26,14:00,86,20.1,0.0,16.2,Heavy Snow,0,0.0
2024-04-26,15:00,70,23.6,4.0,0.0,Light Rain,0,0.0
2024-04-26,16:00,70,16.1,2.1,0.0,Light Rain,0,0.0
2024-04-26,17:00,0,7.8,0.0,0.3,Clear and Warm,58.408324828997536,179.77463095594226
2024-04-26,18:00,6,18.7,0.1,1.2,Clear and Warm,0,0.0
2024-04-26,19:00,95,2.6,20.2,1.6,Thunderstorm,0,0.0
2024-04-26,20:00,35,6.9,1.8,0.3,Partly Cloudy,40.810032601077005,244.84614231059993
2024-04-26,21:00,100,15.6,0.2,15.2,Heavy Snow,0,0.0
2024-04-26,22:00,98,7.6,0.3,16.6,Heavy Snow,24.488724875127126,269.28491380837505
2024-04-26,23:00,93,12.5,1.4,16.1,Heavy Snow,11.92194776903136,279.7843318408381
2024-04-27,00:00,95,20.5,2.0,15.7,Heavy Snow,0,0.0
2024-04-27,01:00,86,5.4,0.0,14.0,Heavy Snow,0,301.3978203587397
2024-04-27,02:00,75,17.5,0.8,1.8,Light Rain,0,0.0
2024-04-27,03:00,93,12.3,0.0,5.6,Snow Showers,0,327.61133999838114
2024-04-27,04:00,69,22.5,0.4,0.0,Cloudy,0,0.0
2024-04-27,05:00,54,9.1,0.6,0.0,Cloudy,0,359.8847259057735
2024-04-27,06:00,66,14.5,0.0,0.0,Cloudy,0,16.58390193331229
2024-04-27,07:00,69,24.0,0.0,0.0,Cloudy,0,0.0
2024-04-27,08:00,97,10.9,0.0,3.9,Snow Showers,0,46.07472808607798
2024-04-27,09:00,79,14.1,3.6,0.4,Light Rain,0,58.377631922243154
2024-04-27,10:00,70,3.6,2.2,0.1,Light Rain,0,69.48810155425878
2024-04-27,11:00,74,6.2,1.6,0.0,Light Rain,11.885386471062532,79.95973018766995
2024-04-27,12:00,89,2.1,0.0,14.6,Heavy Snow,24.46930651515101,90.42624826385787
2024-04-27,13:00,95,12.3,0.0,3.8,Snow Showers,37.02780153384477,101.66395654073756
2024-04-27,14:00,75,10.3,11.3,2.9,Freezing Rain,0,0.0
2024-04-27,15:00,91,5.3,11.1,1.0,Freezing Rain,0,0.0
2024-04-27,16:00,22,8.9,1.2,0.1,Partly Cloudy,56.213020973553505,153.00985592434427
2024-04-27,17:00,26,14.6,0.0,0.0,Partly Cloudy,58.724946373173616,179.8440519226308
2024-04-27,18:00,29,7.4,1.6,0.0,Partly Cloudy,56.29075337927927,206.73013720394752
2024-04-27,19:00,86,6.9,1.6,0.0,Light Rain,59.80534505913086,228.57691919285784
2024-04-27,20:00,16,13.7,0.0,0.0,Sunny,41.024601127811025,245.15705200723426
2024-04-27,21:00,85,10.5,1.8,4.7,Snow Showers,37.25434777267492,258.28949829627294
2024-04-27,22:00,79,18.8,2.9,0.0,Light Rain,0,0.0
2024-04-27,23:00,80,4.7,3.7,0.0,Light Rain,12.15639000023134,280.0387044003186
2024-04-28,00:00,72,9.9,1.6,0.0,Light Rain,0,290.5171554602234
2024-04-28,01:00,81,9.8,1.1,0.0,Light Rain,0,301.6239780758497
2024-04-28,02:00,18,11.3,0.0,0.0,Sunny,0,313.90910377976735
2024-04-28,03:00,0,12.0,0.0,0.0,Sunny,0,327.7817913028309
2024-04-28,04:00,97,10.5,18.6,0.0,Thunderstorm,0,0.0
2024-04-28,05:00,100,21.9,18.1,0.6,Thunderstorm,0,0.0
2024-04-28,06:00,96,12.8,21.0,0.0,Thunderstorm,0,0.0
2024-04-28,07:00,74,17.2,3.0,0.0,Light Rain,0,0.0
2024-04-28,08:00,91,18.2,14.2,0.9,Heavy Rain,0,0.0
2024-04-28,09:00,89,21.1,16.3,0.0,Heavy Rain,0,0.0
2024-04-28,10:00,86,19.4,1.7,0.0,Light Rain,0,0.0
2024-04-28,11:00,16,17.2,0.0,0.8,Sunny,0,0.0
2024-04-28,12:00,20,24.3,0.0,0.8,Sunny,0,0.0
2024-04-28,13:00,13,17.9,0.1,0.4,Sunny,0,0.0
2024-04-28,14:00,58,14.6,1.4,0.3,Cloudy,41.11770869476411,114.51161005419709
2024-04-28,15:00,55,7.8,0.0,1.0,Cloudy,49.98719679125693,131.03746941568443
2024-04-28,16:00,50,4.3,0.0,0.5,Cloudy,56.51989227578907,152.88326267576667
2024-04-28,17:00,88,8.9,9.6,1.0,Freezing Rain,0,0.0
2024-04-28,18:00,75,2.6,8.3,3.2,Freezing Rain,0,0.0
2024-04-28,19:00,79,17.3,9.4,1.4,Freezing Rain,0,0.0
2024-04-28,20:00,80,17.2,8.1,3.2,Freezing Rain,0,0.0
2024-04-28,21:00,85,7.5,9.1,3.4,Freezing Rain,0,0.0
2024-04-28,22:00,95,11.6,9.9,4.4,Freezing Rain,0,0.0
2024-04-28,23:00,62,23.2,0.0,0.0,Cloudy,0,0.0
2024-04-29,00:00,53,23.2,0.0,0.0,Cloudy,0,0.0
2024-04-29,01:00,2,23.3,1.5,0.0,Clear and Warm,0,0.0
2024-04-29,02:00,0,13.9,0.0,0.0,Clear and Warm,0,314.10972568141216
2024-04-29,03:00,13,5.1,0.0,0.8,Clear and Warm,0,327.9475995369124
2024-04-29,04:00,60,10.3,0.0,0.0,Cloudy,0,343.41408691656875
2024-04-29,05:00,61,9.7,0.6,1.5,Cloudy,0,359.9659786972462
2024-04-29,06:00,5,17.7,1.5,0.0,Clear and Warm,0,0.0
2024-04-29,07:00,90,12.0,18.8,0.4,Thunderstorm,0,0.0
2024-04-29,08:00,100,7.2,20.3,1.9,Thunderstorm,0,0.0
2024-04-29,09:00,92,12.8,20.8,0.0,Thunderstorm,0,0.0
2024-04-29,10:00,4,9.4,0.8,0.0,Clear and Warm,0.2555136032282754,69.11586465188356
2024-04-29,11:00,5,16.9,1.2,1.0,Clear and Warm,0,0.0
2024-04-29,12:00,3,22.8,1.2,0.0,Clear and Warm,0,0.0
2024-04-29,13:00,2,11.4,0.0,0.0,Clear and Warm,31.343219197791225,101.20339146923902
2024-04-29,14:00,87,2.7,20.2,0.0,Thunderstorm,0,0.0
2024-04-29,15:00,98,23.9,19.7,0.0,Thunderstorm,0,0.0
2024-04-29,16:00,98,3.0,21.4,0.0,Thunderstorm,0,0.0
2024-04-29,17:00,38,6.7,0.0,1.5,Partly Cloudy,59.34643917508178,179.97362911710388
2024-04-29,18:00,21,21.5,0.0,0.3,Partly Cloudy,0,0.0
2024-04-29,19:00,11,22.0,0.0,1.7,Clear and Warm,0,0.0
2024-04-29,20:00,82,24.9,9.8,4.7,Freezing Rain,0,0.0
2024-04-29,21:00,75,8.7,2.3,0.0,Light Rain,37.72103214990399,258.85973465703364
2024-04-29,22:00,70,8.2,3.0,0.0,Light Rain,25.172927375378137,270.0853150246506
2024-04-29,23:00,70,12.2,2.4,0.8,Light Rain,12.62049533476338,280.53510222131763
2024-04-30,00:00,87,3.4,3.3,0.9,Light Rain,0.486477319350863,290.9855335001034
2024-04-30,01:00,28,17.6,0.3,-0.0,Partly Cloudy,0,0.0
2024-04-30,02:00,95,25.0,16.7,1.6,Heavy Rain,0,0.0
2024-04-30,03:00,62,9.7,0.0,1.3,Cloudy,0,328.1087381515151
2024-04-30,04:00,56,23.7,2.0,0.4,Cloudy,0,0.0
2024-04-30,05:00,54,24.6,0.0,0.0,Cloudy,0,0.0
2024-04-30,06:00,33,4.9,-0.0,0.9,Partly Cloudy,0,16.477377044806303
2024-04-30,07:00,22,10.5,1.3,0.0,Partly Cloudy,0,31.87401032711267
2024-04-30,08:00,52,12.7,0.5,0.0,Cloudy,0,45.65651695947497
2024-04-30,09:00,90,19.7,10.0,4.2,Freezing Rain,0,0.0
2024-04-30,10:00,20,4.1,1.1,1.9,Sunny,0.5013815192285833,68.93127201732875
2024-04-30,11:00,14,7.9,1.4,0.0,Sunny,10.626519739627156,79.35700685207411
2024-04-30,12:00,90,7.4,0.8,3.3,Snow Showers,25.32286518275108,89.77917779263646
2024-04-30,13:00,32,16.3,0.0,1.2,Partly Cloudy,0,0.0
2024-04-30,14:00,27,2.4,1.5,0.0,Partly Cloudy,41.62046723588389,114.03337314425198
2024-04-30,15:00,26,8.1,0.0,0.0,Partly Cloudy,50.5351416303223,130.59255081884788
2024-04-30,16:00,81,5.6,2.0,1.2,Light Rain,68.54371540364292,152.61932354403984
2024-04-30,17:00,76,22.1,2.4,0.9,Light Rain,0,0.0
2024-04-30,18:00,100,10.5,0.0,16.8,Heavy Snow,68.558666964107,207.45487645258325
2024-04-30,19:00,100,2.1,1.2,16.1,Heavy Snow,60.670247953333586,229.49559670861066
2024-04-30,20:00,94,13.0,0.0,13.8,Heavy Snow,49.98554356341834,246.06762766352114
2024-04-30,21:00,86,18.8,0.5,4.4,Snow Showers,0,0.0
2024-04-30,22:00,91,4.3,0.0,3.9,Snow Showers,25.397405604811272,270.34390041839197
2024-04-30,23:00,80,4.6,0.0,5.2,Snow Showers,12.85008432433939,280.7769387005309
2024-05-01,00:00,94,22.9,0.0,5.9,Snow Showers,0,0.0
2024-05-01,01:00,88,16.9,1.5,0.2,Light Rain,0,0.0
2024-05-01,02:00,99,4.7,0.0,6.8,Snow Showers,0,314.4967093280606
2024-05-01,03:00,85,25.0,0.9,6.9,Snow Showers,0,0.0
2024-05-01,04:00,60,17.8,1.1,0.5,Cloudy,0,0.0
2024-05-01,05:00,100,2.3,20.7,0.0,Thunderstorm,0,0.0
2024-04-01,06:00,23,10.2,0.0,0.9,Partly Cloudy,0,17.09038420961076
2024-04-01,07:00,21,16.5,1.9,1.2,Partly Cloudy,0,0.0
2024-04-01,08:00,97,12.3,15.8,0.0,Heavy Rain,0,0.0
2024-04-01,09:00,14,17.6,1.3,0.0,Clear and Warm,0,0.0
2024-04-01,10:00,90,11.1,0.1,1.9,Light Rain,0,74.65596634390454
2024-04-01,11:00,75,16.0,2.8,1.3,Light Rain,0,0.0
2024-04-01,12:00,88,10.0,0.8,0.0,Light Rain,15.378891993693323,96.17867855626912
2024-04-01,13:00,71,23.5,1.6,0.0,Light Rain,0,0.0
2024-04-01,14:00,97,5.0,19.9,1.2,Thunderstorm,0,0.0
2024-04-01,15:00,100,15.8,19.4,0.0,Thunderstorm,0,0.0
2024-04-01,16:00,100,14.4,2.0,13.3,Heavy Snow,56.363199463124126,155.3238343798589
2024-04-01,17:00,100,2.5,1.9,16.6,Heavy Snow,59.36670041141829,177.52906982650484
2024-04-01,18:00,5,4.1,1.1,0.9,Clear and Warm,47.862252499366285,200.11737238082858
2024-04-01,19:00,53,20.0,0.3,0.4,Cloudy,0,0.0
2024-04-01,20:00,92,24.2,8.8,2.8,Freezing Rain,0,0.0
2024-04-01,21:00,86,22.0,9.4,2.1,Freezing Rain,0,0.0
2024-04-01,22:00,90,6.1,9.0,2.6,Freezing Rain,0,0.0
2024-04-01,23:00,88,21.2,0.0,14.0,Heavy Snow,0,0.0
2024-04-02,00:00,10,19.8,1.2,1.1,Clear and Warm,0,0.0
2024-04-02,01:00,98,24.7,1.3,16.6,Heavy Snow,0,0.0
2024-04-02,02:00,80,13.3,1.8,0.0,Light Rain,0,307.2198465810251
2024-04-02,03:00,7,22.5,0.4,0.7,Clear and Warm,0,0.0
2024-04-02,04:00,80,3.4,1.0,0.0,Light Rain,0,339.05170179169477
2024-04-02,05:00,98,20.0,0.3,5.5,Snow Showers,0,0.0
2024-04-02,06:00,86,19.3,0.0,5.7,Snow Showers,0,0.0
2024-04-02,07:00,9,6.9,1.3,0.0,Sunny,0,34.62337641113584
2024-04-02,08:00,0,24.9,0.6,0.0,Sunny,0,0.0
2024-04-02,09:00,18,16.3,0.9,1.4,Sunny,0,0.0
2024-04-02,10:00,0,4.7,1.4,1.7,Clear and Warm,0,74.44682479297387
2024-04-02,11:00,96,9.3,19.4,0.0,Thunderstorm,0,0.0
2024-04-02,12:00,92,4.7,18.6,0.3,Thunderstorm,0,0.0
2024-04-02,13:00,17,16.1,0.4,0.0,Sunny,0,0.0
2024-04-02,14:00,0,11.8,0.0,1.7,Clear and Warm,33.08727249854881,120.36558640090249
2024-04-02,15:00,0,17.9,0.0,1.5,Clear and Warm,0,0.0
2024-04-02,16:00,98,6.5,0.9,15.6,Heavy Snow,56.829395820086276,155.26036483982386
2024-04-02,17:00,95,2.1,1.1,13.5,Heavy Snow,59.829806343311,177.62438396392895
2024-04-02,18:00,100,4.6,0.0,16.5,Heavy Snow,57.860028759639505,200.36341873448475
2024-04-02,19:00,86,11.2,14.6,0.2,Heavy Rain,0,0.0
2024-04-02,20:00,86,21.4,14.1,1.4,Heavy Rain,0,0.0
2024-04-02,21:00,100,11.4,0.0,6.8,Snow Showers,30.71249960449503,250.22314763624303
2024-04-02,22:00,91,3.5,1.4,4.8,Snow Showers,18.477291445819777,261.90097374630204
2024-04-02,23:00,87,21.0,0.0,15.2,Heavy Snow,0,0.0
2024-04-03,00:00,90,20.4,0.0,3.9,Snow Showers,0,0.0
2024-04-03,01:00,80,8.5,11.0,1.3,Freezing Rain,0,0.0
2024-04-03,02:00,98,19.9,1.1,5.5,Snow Showers,0,0.0
2024-04-03,03:00,88,7.9,0.1,3.8,Snow Showers,0,322.2273018002409
2024-04-03,04:00,98,10.6,0.8,5.6,Snow Showers,0,339.26083826634556
2024-04-03,05:00,98,5.1,14.2,0.0,Heavy Rain,0,0.0
2024-04-03,06:00,33,23.2,0.5,1.7,Partly Cloudy,0,0.0
2024-04-03,07:00,40,9.5,0.0,0.4,Partly Cloudy,0,34.51990848488447
2024-04-03,08:00,90,2.1,0.2,14.7,Heavy Snow,0,49.65781870685578
2024-04-03,09:00,50,6.0,0.2,1.2,Cloudy,0,62.6875880925308
2024-04-03,10:00,60,14.8,1.5,0.9,Cloudy,0,74.23847125089765
2024-04-03,11:00,2,19.3,0.0,1.3,Sunny,0,0.0
2024-04-03,12:00,12,23.4,0.2,1.9,Sunny,0,0.0
2024-04-03,13:00,89,9.5,11.2,5.0,Freezing Rain,0,0.0
2024-04-03,14:00,100,18.2,19.6,1.7,Thunderstorm,0,0.0
2024-04-03,15:00,100,24.7,1.4,16.8,Heavy Snow,0,0.0
2024-04-03,16:00,97,22.1,0.0,16.8,Heavy Snow,0,0.0
2024-04-03,17:00,100,2.1,0.6,14.9,Heavy Snow,60.290980672517094,177.72009141314447
2024-04-03,18:00,99,13.1,0.4,14.5,Heavy Snow,58.28318782297448,200.6111891156653
2024-04-03,19:00,91,15.2,1.2,4.3,Snow Showers,0,0.0
2024-04-03,20:00,83,2.5,1.3,5.5,Snow Showers,42.31690279757455,237.0912975032346
2024-04-03,21:00,95,13.7,1.1,4.7,Snow Showers,30.997603444596315,250.56488388905132
2024-04-03,22:00,96,19.7,0.0,5.3,Snow Showers,0,0.0
2024-04-03,23:00,92,22.6,0.0,6.4,Snow Showers,0,0.0
2024-04-04,00:00,100,23.2,0.0,4.3,Snow Showers,0,